,action,left,light,next_waypoint,oncoming,reward,right
0,left,None,red,right,forward,-1.0,None
1,forward,None,red,right,forward,-1.0,None
2,left,None,red,right,forward,-1.0,None
3,forward,None,green,right,None,0.5,None
4,left,None,green,right,None,0.5,left
5,forward,None,green,right,None,0.5,None
6,forward,None,green,right,None,0.5,None
7,right,None,red,right,None,2.0,None
8,right,None,red,right,None,2.0,None
9,forward,None,green,forward,None,2.0,None
10,right,None,green,forward,None,0.5,None
11,forward,None,green,left,None,0.5,None
12,left,None,green,left,None,2.0,None
13,right,None,green,forward,None,0.5,None
14,right,None,red,left,None,0.5,None
15,left,None,red,right,None,-1.0,None
16,None,None,red,right,None,1.0,None
17,right,None,red,right,None,2.0,None
18,None,None,red,right,None,1.0,None
19,forward,None,red,right,None,-1.0,None
20,None,None,green,right,None,1.0,None
21,forward,None,green,right,None,0.5,None
22,left,None,green,right,None,0.5,left
23,left,None,green,right,None,0.5,None
24,left,None,red,left,None,-1.0,None
25,None,None,green,left,None,1.0,None
26,None,None,green,left,None,1.0,None
27,left,None,green,left,None,2.0,None
28,None,forward,green,forward,None,1.0,None
29,forward,forward,green,forward,None,2.0,None
30,right,None,green,forward,None,0.5,None
31,forward,None,red,left,None,-1.0,None
32,forward,None,green,left,None,0.5,None
33,left,None,green,left,None,2.0,None
34,right,None,green,forward,None,0.5,None
35,left,None,red,left,None,-1.0,None
36,left,None,red,left,None,-1.0,None
37,left,None,red,left,None,-1.0,None
38,forward,None,red,left,None,-1.0,None
39,forward,None,red,left,None,-1.0,None
40,None,None,green,left,None,1.0,None
41,right,None,green,left,None,0.5,None
42,forward,None,green,right,None,0.5,None
43,left,None,red,right,None,-1.0,None
44,None,None,red,right,None,1.0,None
45,left,None,green,right,None,0.5,None
46,left,None,red,left,None,-1.0,None
47,None,None,red,left,None,1.0,None
48,right,None,green,left,None,0.5,None
49,forward,None,green,right,None,0.5,None
50,None,None,green,right,None,1.0,None
51,forward,None,red,right,None,-1.0,None
52,right,None,red,right,None,2.0,None
53,None,None,red,right,None,1.0,None
54,right,None,red,right,None,2.0,None
55,forward,None,green,forward,None,2.0,None
56,right,None,red,forward,None,0.5,None
57,None,None,red,left,None,1.0,None
58,None,None,red,left,None,1.0,None
59,forward,None,red,left,None,-1.0,None
60,None,None,green,left,None,1.0,None
61,None,None,green,left,None,1.0,None
62,right,None,green,left,None,0.5,None
63,forward,None,red,right,None,-1.0,None
64,right,None,green,right,None,2.0,None
65,forward,None,red,right,None,-1.0,None
66,forward,None,red,right,None,-1.0,None
67,None,None,red,right,None,1.0,None
68,forward,None,red,right,None,-1.0,None
69,right,None,red,right,None,2.0,None
70,None,None,green,forward,None,1.0,None
71,right,None,green,forward,None,0.5,right
72,left,None,green,left,None,2.0,None
73,forward,None,red,forward,None,-1.0,None
74,None,None,red,forward,None,1.0,None
75,right,None,green,forward,None,0.5,None
76,right,None,red,left,None,0.5,None
77,forward,None,green,right,None,0.5,None
78,right,None,green,right,None,2.0,None
79,left,None,green,right,None,0.5,None
80,None,None,green,right,None,1.0,None
81,None,None,red,right,None,1.0,None
82,right,None,red,right,None,2.0,None
83,None,None,red,right,None,1.0,None
84,forward,None,red,right,None,-1.0,None
85,forward,None,green,right,None,0.5,left
86,left,None,green,right,None,0.5,None
87,None,None,green,right,None,1.0,None
88,left,None,green,right,None,0.5,None
89,right,None,green,forward,None,0.5,None
90,forward,None,red,left,None,-1.0,None
91,right,None,red,left,None,10.5,None
92,forward,None,green,right,None,0.5,None
93,right,None,green,right,None,2.0,None
94,None,None,red,forward,None,1.0,None
95,right,None,red,forward,None,0.5,None
96,forward,None,green,left,None,0.5,None
97,forward,None,red,left,None,-1.0,None
98,forward,None,red,left,None,-1.0,None
99,right,None,red,left,None,0.5,None
100,right,None,green,right,None,2.0,None
101,None,None,red,right,None,1.0,None
102,right,None,red,right,left,2.0,None
103,left,None,green,forward,None,0.5,None
104,forward,None,green,right,None,0.5,None
105,None,None,red,right,None,1.0,None
106,left,None,red,right,None,-1.0,None
107,right,None,green,right,None,2.0,None
108,None,None,red,left,None,1.0,None
109,None,right,red,left,None,1.0,None
110,forward,None,red,left,None,-1.0,None
111,right,None,red,left,None,0.5,None
112,None,None,red,right,None,1.0,None
113,forward,None,red,right,None,-1.0,None
114,forward,None,red,right,None,-1.0,None
115,left,None,red,right,None,-1.0,None
116,None,None,red,right,None,1.0,None
117,right,None,green,right,None,2.0,None
118,right,None,green,right,None,2.0,None
119,None,None,green,right,None,1.0,None
120,forward,None,green,right,None,0.5,None
121,None,None,green,right,None,1.0,None
122,left,None,green,right,None,0.5,None
123,forward,None,red,right,None,-1.0,None
124,None,None,red,right,None,1.0,None
125,right,None,red,right,None,2.0,None
126,right,left,red,right,None,2.0,None
127,left,None,red,forward,None,-1.0,None
128,left,None,red,forward,None,-1.0,None
129,right,None,red,forward,None,0.5,None
130,None,None,green,left,None,1.0,None
131,left,None,green,left,None,2.0,None
132,forward,None,green,left,None,0.5,None
133,None,None,green,right,None,1.0,None
134,right,None,red,right,None,2.0,None
135,right,None,red,right,None,2.0,None
136,right,None,green,right,None,2.0,None
137,forward,None,green,forward,None,2.0,None
138,None,None,red,forward,None,1.0,None
139,left,None,red,forward,None,-1.0,None
140,left,None,green,forward,None,0.5,None
141,right,None,red,right,None,2.0,None
142,left,None,green,right,None,0.5,None
143,left,None,red,right,None,-1.0,None
144,right,None,red,right,None,2.0,None
145,None,None,red,right,None,1.0,None
146,None,None,green,right,None,1.0,None
147,left,None,green,right,None,0.5,None
148,left,None,red,right,None,-1.0,None
149,left,None,red,right,None,-1.0,None
150,forward,None,red,right,None,-1.0,None
151,right,None,red,right,None,2.0,None
152,None,None,red,right,None,1.0,None
153,right,None,red,right,None,2.0,None
154,forward,None,red,forward,None,-1.0,None
155,None,None,red,forward,None,1.0,None
156,left,None,red,forward,None,-1.0,None
157,left,None,green,forward,None,0.5,None
158,left,None,green,right,None,0.5,None
159,None,None,red,right,None,1.0,None
160,None,None,red,right,None,1.0,None
161,forward,None,red,right,None,-1.0,None
162,right,None,green,right,None,2.0,None
163,None,None,red,right,None,1.0,None
164,forward,None,green,right,None,0.5,None
165,right,None,green,right,None,2.0,None
166,right,None,green,forward,None,0.5,None
167,forward,None,red,left,None,-1.0,None
168,left,None,red,left,None,-1.0,None
169,left,None,red,left,None,-1.0,None
170,right,None,red,left,None,0.5,None
171,right,None,red,right,None,2.0,None
172,right,None,green,right,None,2.0,None
173,None,None,green,forward,None,1.0,None
174,None,None,green,forward,None,1.0,None
175,forward,None,green,forward,None,2.0,None
176,forward,None,green,forward,None,2.0,None
177,None,None,red,left,None,1.0,None
178,right,None,red,left,None,0.5,None
179,None,None,green,right,None,1.0,None
180,None,None,green,right,None,1.0,None
181,right,None,green,right,None,2.0,None
182,left,None,green,right,None,0.5,None
183,None,None,red,left,None,1.0,None
184,left,None,red,left,None,-1.0,None
185,None,None,red,left,None,1.0,None
186,None,None,red,left,None,1.0,None
187,left,None,green,left,None,2.0,None
188,right,None,red,left,None,0.5,None
189,None,None,green,right,None,1.0,None
190,right,None,green,right,None,2.0,None
191,forward,None,green,right,None,0.5,None
192,None,None,red,right,None,1.0,None
193,left,None,red,right,None,-1.0,None
194,forward,None,red,right,None,-1.0,None
195,None,None,red,right,None,1.0,None
196,None,None,red,right,None,1.0,None
197,left,None,green,right,None,0.5,None
198,right,None,red,left,None,0.5,None
199,left,None,red,right,None,-1.0,None
200,left,None,green,right,None,0.5,None
201,right,None,green,left,None,0.5,None
202,forward,None,green,forward,None,2.0,None
203,right,None,green,forward,None,0.5,None
204,forward,None,red,left,None,-1.0,None
205,None,None,red,left,None,1.0,None
206,None,None,red,left,None,1.0,None
207,None,None,green,left,None,1.0,None
208,right,None,green,left,None,0.5,None
209,None,None,green,right,None,1.0,None
210,forward,None,green,right,None,0.5,None
211,left,None,green,forward,None,0.5,None
212,forward,None,red,right,None,-1.0,None
213,left,None,red,right,None,-1.0,None
214,right,None,red,right,None,2.0,None
215,None,None,red,forward,None,1.0,None
216,forward,None,red,forward,None,-1.0,None
217,left,None,green,forward,None,0.5,None
218,forward,None,green,right,None,0.5,None
219,None,None,red,right,None,1.0,None
220,right,None,red,right,None,2.0,None
221,forward,None,green,forward,None,2.0,None
222,right,None,green,left,None,0.5,None
223,forward,None,red,right,None,-1.0,None
224,None,None,red,right,None,1.0,None
225,left,None,red,right,None,-1.0,None
226,right,None,red,right,None,2.0,None
227,right,None,red,right,None,2.0,None
228,right,None,red,right,None,2.0,None
229,right,None,red,left,None,0.5,None
230,forward,None,green,right,None,0.5,None
231,None,None,green,right,None,1.0,None
232,left,None,red,right,None,-1.0,None
233,right,None,red,right,None,2.0,None
234,None,None,red,right,None,1.0,None
235,forward,None,red,right,None,-1.0,None
236,right,None,red,right,None,2.0,None
237,None,None,green,right,None,1.0,None
238,right,None,green,right,None,2.0,None
239,None,None,red,left,None,1.0,None
240,None,None,red,left,None,1.0,None
241,None,None,red,left,None,1.0,None
242,None,None,green,left,None,1.0,None
243,forward,None,green,left,None,0.5,None
244,forward,None,green,right,None,0.5,None
245,left,None,green,right,None,0.5,None
246,None,None,red,left,right,1.0,None
247,None,None,green,left,None,1.0,None
248,None,None,green,left,None,1.0,None
249,left,None,green,left,None,2.0,None
250,forward,None,red,forward,None,-1.0,None
251,left,None,green,forward,None,0.5,None
252,forward,None,red,right,None,-1.0,None
253,right,None,red,right,None,2.0,None
254,forward,None,green,right,None,0.5,None
255,right,None,green,right,None,2.0,None
256,right,None,green,right,None,2.0,None
257,left,None,red,left,None,-1.0,None
258,right,None,red,left,None,0.5,None
259,right,None,green,right,None,2.0,None
260,right,None,red,right,None,2.0,None
261,left,None,red,right,None,-1.0,None
262,left,None,red,right,None,-1.0,None
263,left,None,red,right,None,-1.0,None
264,None,None,green,right,None,1.0,None
265,forward,None,green,right,None,0.5,None
266,forward,None,red,right,None,-1.0,None
267,right,None,green,right,None,2.0,None
268,left,None,red,left,None,-1.0,None
269,forward,None,green,left,None,0.5,None
270,left,None,red,right,None,-1.0,None
271,forward,None,red,right,None,-1.0,None
272,None,None,green,right,None,1.0,None
273,right,None,green,right,None,2.0,None
274,left,None,green,right,None,0.5,None
275,left,None,green,right,None,0.5,None
276,right,None,red,left,None,0.5,None
277,right,None,green,right,None,2.0,None
278,None,None,red,right,None,1.0,None
279,left,None,red,right,None,-1.0,None
280,left,None,red,right,None,-1.0,None
281,left,None,red,right,None,-1.0,None
282,right,None,green,right,None,2.0,None
283,left,None,green,forward,None,0.5,None
284,None,None,red,right,None,1.0,None
285,right,None,red,right,None,2.0,None
286,right,None,green,forward,None,0.5,None
287,right,None,red,left,None,0.5,None
288,forward,None,red,right,None,-1.0,None
289,None,None,red,right,None,1.0,None
290,None,None,red,right,None,1.0,None
291,None,None,red,right,None,1.0,None
292,forward,None,green,right,None,0.5,None
293,left,None,red,right,None,-1.0,None
294,left,None,red,right,None,-1.0,None
295,right,None,red,right,None,2.0,None
296,right,None,red,right,None,2.0,None
297,None,None,red,forward,None,1.0,None
298,forward,None,red,forward,None,-1.0,None
299,None,None,red,forward,None,1.0,None
300,forward,None,red,forward,None,-1.0,None
301,forward,None,red,forward,None,-1.0,None
302,forward,None,green,forward,None,2.0,None
303,right,None,green,forward,None,0.5,None
304,left,None,green,left,None,2.0,None
305,right,None,green,right,None,2.0,None
306,None,None,red,forward,None,1.0,None
307,left,None,red,forward,None,-1.0,None
308,left,None,green,forward,None,0.5,None
309,right,None,red,right,None,2.0,None
310,forward,None,red,right,forward,-1.0,None
311,left,None,red,right,forward,-1.0,None
312,None,None,green,right,None,1.0,None
313,right,None,green,right,None,2.0,None
314,forward,None,green,right,None,0.5,None
315,None,None,red,right,None,1.0,None
316,None,None,red,right,None,1.0,None
317,right,None,red,right,None,2.0,None
318,right,None,red,left,None,0.5,None
319,forward,None,green,forward,None,2.0,None
320,left,None,green,forward,None,0.5,None
321,left,None,green,right,None,0.5,None
322,right,None,green,left,None,0.5,None
323,None,None,red,right,forward,1.0,None
324,forward,None,green,right,None,0.5,None
325,forward,None,green,right,None,0.5,None
326,left,None,green,forward,None,0.5,None
327,left,None,green,right,None,0.5,None
328,right,None,red,forward,None,0.5,None
329,left,None,green,left,None,2.0,None
330,forward,None,red,forward,None,-1.0,None
331,forward,None,red,forward,None,-1.0,None
332,right,None,red,forward,None,0.5,None
333,left,None,red,left,None,-1.0,None
334,None,None,green,left,None,1.0,None
335,forward,None,green,left,None,0.5,None
336,left,None,green,left,None,2.0,None
337,left,None,green,forward,None,0.5,None
338,left,None,red,right,None,-1.0,None
339,None,None,green,right,None,1.0,None
340,forward,None,green,right,None,0.5,None
341,right,None,red,right,None,2.0,None
342,forward,None,green,left,None,0.5,None
343,left,forward,green,left,None,2.0,None
344,left,None,red,forward,None,-1.0,None
345,left,None,red,forward,None,-1.0,None
346,None,None,red,forward,None,1.0,None
347,None,None,green,forward,None,1.0,None
348,forward,None,green,forward,None,2.0,None
349,right,None,green,forward,None,0.5,None
350,None,None,red,left,None,1.0,None
351,right,None,green,left,None,0.5,None
352,forward,None,green,right,None,0.5,None
353,left,None,red,right,None,-1.0,left
354,left,None,red,right,None,-1.0,None
355,left,None,red,right,None,-1.0,None
356,None,None,red,right,None,1.0,None
357,right,None,green,right,None,2.0,None
358,right,None,red,right,None,2.0,None
359,forward,None,green,forward,None,2.0,forward
360,left,None,green,forward,None,0.5,None
361,right,None,red,right,None,2.0,None
362,forward,None,red,forward,None,-1.0,None
363,left,None,red,forward,None,-1.0,None
364,left,None,red,forward,None,-1.0,None
365,right,None,red,forward,None,0.5,None
366,right,None,green,left,None,0.5,None
367,right,None,green,right,None,2.0,None
368,left,None,red,right,None,-1.0,None
369,right,None,red,right,None,2.0,None
370,right,None,red,forward,None,0.5,None
371,left,None,red,left,None,-1.0,None
372,left,None,red,left,None,-1.0,None
373,forward,None,red,left,None,-1.0,None
374,left,None,green,left,None,2.0,None
375,right,None,green,left,None,0.5,None
376,left,None,red,right,None,-1.0,None
377,right,None,green,right,None,2.0,None
378,right,None,green,right,None,2.0,None
379,right,None,red,right,None,2.0,None
380,right,None,red,left,None,0.5,None
381,forward,None,green,right,None,0.5,None
382,None,None,green,forward,None,1.0,None
383,forward,None,green,forward,None,2.0,None
384,None,None,green,forward,None,1.0,None
385,forward,None,green,forward,None,2.0,None
386,left,None,green,forward,None,0.5,None
387,forward,None,green,forward,None,2.0,None
388,left,None,red,forward,None,-1.0,None
389,left,None,red,forward,None,-1.0,None
390,right,None,red,forward,None,0.5,None
391,None,None,red,left,None,1.0,None
392,left,None,green,left,None,2.0,None
393,right,None,red,forward,None,0.5,None
394,None,None,red,left,None,1.0,None
395,left,None,red,left,None,-1.0,None
396,None,None,red,left,None,1.0,None
397,None,None,green,left,None,1.0,None
398,forward,None,green,left,None,0.5,None
399,right,None,green,left,None,0.5,None
400,forward,None,green,right,None,0.5,None
401,right,None,green,right,None,2.0,None
402,left,None,red,right,None,-1.0,None
403,right,None,red,right,None,2.0,None
404,left,None,green,forward,None,0.5,None
405,None,None,green,right,None,1.0,None
406,forward,None,green,right,None,0.5,None
407,None,None,green,right,None,1.0,None
408,forward,None,green,right,None,0.5,None
409,forward,None,green,right,None,0.5,None
410,right,None,green,right,None,2.0,left
411,None,None,red,forward,None,1.0,None
412,forward,None,green,forward,None,2.0,None
413,right,None,green,forward,None,0.5,None
414,None,None,green,left,None,1.0,None
415,left,None,green,left,None,2.0,None
416,None,None,green,forward,None,1.0,None
417,right,None,green,forward,None,0.5,None
418,forward,None,red,left,forward,-1.0,None
419,None,None,red,left,forward,1.0,None
420,left,None,green,left,None,2.0,None
421,left,None,green,forward,None,0.5,None
422,None,forward,green,right,None,1.0,None
423,None,None,red,right,None,1.0,None
424,None,None,red,right,None,1.0,None
425,forward,None,red,right,None,-1.0,None
426,forward,None,green,right,None,0.5,None
427,None,None,red,right,None,1.0,None
428,forward,None,red,right,None,-1.0,None
429,left,None,red,right,None,-1.0,None
430,forward,None,red,right,None,-1.0,None
431,right,None,red,right,None,2.0,None
432,None,None,red,forward,None,1.0,None
433,right,None,red,forward,None,0.5,None
434,right,None,red,left,None,0.5,None
435,right,None,green,right,None,2.0,left
436,left,None,green,right,None,0.5,None
437,None,None,green,right,None,1.0,None
438,left,None,red,right,None,-1.0,None
439,forward,None,red,right,None,-1.0,None
440,left,None,red,right,left,-1.0,None
441,left,None,green,right,left,0.5,None
442,left,None,green,left,None,2.0,None
443,forward,None,green,forward,None,2.0,None
444,None,None,green,forward,None,1.0,None
445,left,None,green,forward,None,0.5,None
446,right,None,green,right,None,2.0,None
447,right,None,red,right,None,2.0,None
448,left,None,green,forward,None,0.5,None
449,forward,None,red,forward,None,-1.0,None
450,right,None,red,forward,None,0.5,None
451,left,None,green,left,None,2.0,right
452,left,None,green,forward,None,0.5,None
453,forward,None,red,right,None,-1.0,None
454,forward,None,green,right,None,0.5,None
455,None,None,red,right,None,1.0,None
456,right,None,red,right,None,2.0,None
457,forward,None,red,forward,None,-1.0,None
458,right,None,red,forward,None,0.5,None
459,right,None,red,left,None,0.5,None
460,forward,None,green,right,None,0.5,None
461,None,None,red,right,None,1.0,None
462,left,None,green,right,None,0.5,None
463,left,None,green,left,None,2.0,None
464,left,None,green,forward,None,0.5,None
465,right,None,green,right,None,2.0,None
466,forward,None,red,forward,None,-1.0,None
467,forward,None,green,forward,None,2.0,None
468,left,None,red,forward,None,-1.0,None
469,forward,None,red,forward,None,-1.0,None
470,left,None,red,forward,None,-1.0,None
471,forward,None,green,forward,None,2.0,None
472,forward,None,green,forward,None,2.0,None
473,forward,None,green,forward,None,2.0,None
474,left,None,green,forward,None,0.5,None
475,forward,None,green,right,None,0.5,None
476,forward,None,green,right,None,0.5,None
477,right,None,red,right,None,2.0,None
478,None,None,green,left,None,1.0,None
479,right,None,green,left,None,0.5,None
480,right,None,green,right,None,2.0,None
481,left,None,green,right,None,0.5,None
482,forward,None,green,left,None,0.5,None
483,None,None,red,left,None,1.0,None
484,None,None,red,left,None,1.0,None
485,right,None,red,left,None,0.5,None
486,None,None,red,right,None,1.0,None
487,forward,None,red,right,None,-1.0,None
488,right,None,red,right,None,2.0,None
489,right,None,red,right,None,2.0,None
490,right,None,green,forward,None,0.5,None
491,None,None,red,left,None,1.0,None
492,left,None,red,left,None,-1.0,None
493,forward,None,red,left,None,-1.0,None
494,left,None,green,left,None,2.0,None
495,forward,None,red,right,None,-1.0,None
496,left,left,red,right,None,-1.0,None
497,None,left,red,right,None,1.0,forward
498,None,left,green,right,None,1.0,forward
499,right,left,green,right,None,2.0,forward
500,right,None,red,forward,None,0.5,None
501,right,None,red,right,None,2.0,None
502,left,None,green,right,None,0.5,None
503,None,None,green,right,None,1.0,None
504,forward,None,red,right,None,-1.0,None
505,left,None,red,right,None,-1.0,None
506,right,None,red,right,None,2.0,None
507,right,None,red,right,None,2.0,None
508,None,None,green,forward,None,1.0,None
509,None,None,green,forward,None,1.0,None
510,right,None,green,forward,None,0.5,None
511,forward,None,green,left,None,0.5,None
512,forward,None,red,left,None,-1.0,None
513,left,None,red,left,None,-1.0,None
514,forward,None,red,left,None,-1.0,None
515,None,None,red,left,None,1.0,None
516,forward,None,red,left,None,-1.0,None
517,None,None,green,left,None,1.0,None
518,left,None,green,left,None,2.0,None
519,left,None,green,right,None,0.5,None
520,None,None,green,right,None,1.0,None
521,right,None,green,right,None,2.0,None
522,right,None,green,forward,None,0.5,None
523,None,None,green,left,None,1.0,None
524,left,None,green,left,None,2.0,None
525,None,None,green,forward,None,1.0,None
526,left,None,green,forward,None,0.5,None
527,right,None,green,right,None,2.0,None
528,forward,None,green,forward,None,2.0,None
529,None,None,red,forward,None,1.0,None
530,left,None,red,forward,None,-1.0,None
531,forward,None,green,forward,None,2.0,None
532,right,None,red,forward,None,0.5,None
533,left,None,red,left,None,-1.0,None
534,None,None,green,left,None,1.0,None
535,None,None,green,left,None,1.0,None
536,left,None,green,left,None,2.0,None
537,None,None,green,forward,None,1.0,None
538,left,None,green,forward,None,0.5,None
539,forward,None,red,right,None,-1.0,None
540,forward,None,green,right,None,0.5,None
541,left,None,red,right,None,-1.0,None
542,left,None,green,right,None,0.5,None
543,left,None,green,right,None,0.5,None
544,left,None,red,left,None,-1.0,None
545,forward,None,red,left,None,-1.0,None
546,left,None,green,left,None,2.0,None
547,forward,None,red,forward,None,-1.0,None
548,left,None,red,forward,None,-1.0,None
549,right,None,green,forward,None,0.5,None
550,right,None,red,left,None,0.5,None
551,left,None,green,right,None,0.5,None
552,None,None,green,left,None,1.0,None
553,left,None,green,left,None,2.0,None
554,left,None,red,forward,None,-1.0,None
555,right,None,red,forward,None,0.5,None
556,right,None,green,left,None,0.5,None
557,right,None,green,right,None,2.0,None
558,right,left,red,right,None,2.0,None
559,forward,None,green,forward,None,2.0,None
560,None,None,green,forward,None,1.0,None
561,right,None,green,forward,None,0.5,None
562,right,None,red,left,None,0.5,None
563,forward,None,red,right,None,-1.0,None
564,forward,None,green,right,None,0.5,None
565,None,None,red,right,None,1.0,None
566,forward,None,red,right,None,-1.0,None
567,None,None,green,right,None,1.0,None
568,right,None,green,right,None,2.0,None
569,None,None,red,right,None,1.0,None
570,left,None,red,right,None,-1.0,None
571,right,None,red,right,None,2.0,None
572,left,None,red,forward,None,-1.0,None
573,right,None,red,forward,None,0.5,None
574,left,None,green,left,None,2.0,None
575,left,None,red,forward,None,-1.0,None
576,left,None,red,forward,None,-1.0,None
577,None,None,red,forward,None,1.0,None
578,None,None,green,forward,None,1.0,None
579,forward,None,green,forward,None,2.0,None
580,left,None,green,left,None,2.0,None
581,None,None,green,right,None,1.0,None
582,forward,None,green,right,None,0.5,None
583,None,None,red,right,None,1.0,None
584,left,None,green,right,None,0.5,None
585,None,None,green,right,None,1.0,None
586,right,None,green,right,None,2.0,None
587,right,None,green,right,None,2.0,None
588,None,None,green,forward,None,1.0,None
589,None,None,green,forward,None,1.0,None
590,None,None,green,forward,None,1.0,None
591,left,None,red,forward,None,-1.0,None
592,left,None,red,forward,None,-1.0,None
593,forward,None,red,forward,None,-1.0,None
594,left,None,red,forward,None,-1.0,None
595,forward,None,red,forward,None,-1.0,None
596,right,None,green,forward,None,0.5,None
597,left,None,green,left,None,2.0,None
598,forward,None,green,forward,None,2.0,None
599,left,None,red,forward,None,-1.0,None
600,right,None,red,forward,None,0.5,None
601,None,None,green,left,None,1.0,None
602,forward,None,green,left,None,0.5,None
603,forward,None,green,left,None,0.5,None
604,None,None,red,left,None,1.0,None
605,None,None,red,left,None,1.0,None
606,right,None,green,left,None,0.5,None
607,right,None,green,right,None,2.0,None
608,forward,None,green,right,None,0.5,None
609,None,None,red,right,None,1.0,None
610,right,None,red,right,None,2.0,None
611,forward,None,red,forward,None,-1.0,None
612,forward,None,red,forward,None,-1.0,None
613,left,left,red,forward,None,-1.0,None
614,None,None,red,forward,None,1.0,None
615,right,None,red,forward,None,0.5,None
616,left,forward,green,left,None,2.0,forward
617,left,None,green,forward,None,0.5,None
618,right,None,red,right,None,2.0,None
619,forward,None,red,forward,None,-1.0,None
620,forward,None,red,forward,None,-1.0,None
621,None,None,green,forward,None,1.0,None
622,right,None,green,forward,None,0.5,None
623,None,None,red,left,None,1.0,None
624,right,None,red,left,None,0.5,None
625,left,None,green,right,None,0.5,None
626,left,None,green,left,None,2.0,None
627,right,None,red,forward,None,0.5,None
628,left,None,green,left,None,2.0,None
629,None,None,red,forward,None,1.0,None
630,forward,None,red,forward,None,-1.0,None
631,right,None,red,forward,None,0.5,None
632,right,None,red,left,None,0.5,None
633,forward,None,green,right,None,0.5,None
634,left,None,green,right,None,0.5,None
635,forward,None,red,left,None,-1.0,None
636,right,None,red,left,None,0.5,None
637,forward,None,red,right,None,-1.0,None
638,left,None,red,right,None,-1.0,None
639,None,None,red,right,None,1.0,None
640,left,None,red,right,None,-1.0,None
641,left,None,green,right,None,0.5,None
642,left,None,green,left,None,2.0,None
643,right,None,green,forward,None,0.5,None
644,None,None,red,left,None,1.0,None
645,right,None,green,left,None,0.5,None
646,forward,None,red,right,None,-1.0,None
647,right,None,green,right,None,2.0,None
648,forward,None,red,right,None,-1.0,None
649,None,None,red,right,None,1.0,None
650,right,None,red,right,None,2.0,None
651,right,None,red,forward,None,0.5,None
652,left,None,red,left,None,-1.0,None
653,right,None,green,left,None,0.5,None
654,None,None,green,right,None,1.0,None
655,forward,None,green,right,None,0.5,None
656,None,None,red,right,None,1.0,None
657,left,None,red,right,None,-1.0,None
658,forward,None,red,right,None,-1.0,None
659,forward,None,red,right,None,-1.0,None
660,right,None,red,right,None,2.0,None
661,left,None,green,right,None,0.5,None
662,forward,None,red,right,None,-1.0,None
663,right,None,red,right,None,2.0,None
664,left,None,green,right,None,0.5,None
665,right,None,green,right,None,2.0,None
666,left,None,green,right,None,0.5,None
667,forward,None,green,right,None,0.5,None
668,None,None,red,right,None,1.0,None
669,None,right,green,right,None,1.0,None
670,None,None,green,right,None,1.0,None
671,right,None,green,right,None,2.0,None
672,right,None,green,right,None,2.0,right
673,None,None,red,left,None,1.0,None
674,left,None,green,left,None,2.0,None
675,left,None,red,forward,None,-1.0,None
676,right,None,green,forward,None,0.5,None
677,forward,None,green,forward,None,2.0,None
678,right,None,green,forward,None,0.5,None
679,left,None,green,left,None,2.0,left
680,None,None,red,forward,None,1.0,None
681,right,None,green,forward,None,0.5,None
682,forward,None,green,left,None,0.5,None
683,forward,None,green,left,None,0.5,None
684,right,None,green,left,None,0.5,None
685,None,None,red,right,None,1.0,None
686,right,None,green,right,None,2.0,None
687,right,None,green,right,None,2.0,None
688,forward,None,green,forward,None,2.0,None
689,None,None,red,forward,None,1.0,None
690,left,None,red,forward,None,-1.0,None
691,forward,None,green,forward,None,2.0,None
692,left,None,red,forward,None,-1.0,None
693,right,None,red,forward,None,0.5,None
694,None,None,green,left,None,1.0,None
695,left,None,red,left,None,-1.0,None
696,right,None,red,left,None,0.5,None
697,right,None,green,right,None,2.0,None
698,forward,None,green,right,None,0.5,None
699,forward,None,green,right,None,0.5,None
700,forward,None,green,right,None,0.5,None
701,None,None,red,right,None,1.0,None
702,right,None,red,right,None,2.0,None
703,None,None,green,forward,None,1.0,None
704,left,None,red,forward,None,-1.0,None
705,left,None,red,forward,None,-1.0,None
706,forward,None,red,forward,None,-1.0,None
707,forward,None,green,forward,None,2.0,None
708,None,None,red,forward,None,1.0,None
709,left,None,red,forward,None,-1.0,forward
710,None,None,red,forward,None,1.0,None
711,forward,None,green,forward,None,2.0,None
712,left,None,red,forward,None,-1.0,None
713,None,None,red,forward,None,1.0,None
714,forward,None,red,forward,None,-1.0,None
715,right,None,red,forward,None,0.5,None
716,left,None,red,left,None,-1.0,None
717,left,None,green,left,None,2.0,None
718,forward,None,green,left,None,0.5,None
719,forward,None,red,forward,None,-1.0,None
720,right,None,red,forward,None,0.5,None
721,right,forward,green,left,None,0.5,None
722,forward,None,red,right,None,-1.0,None
723,forward,None,red,right,None,-1.0,None
724,forward,None,red,right,None,-1.0,None
725,left,None,green,right,None,0.5,None
726,right,None,red,right,None,2.0,None
727,None,None,red,right,None,1.0,None
728,None,None,red,right,None,1.0,None
729,right,None,red,right,None,2.0,None
730,right,None,green,right,left,2.0,None
731,left,forward,green,left,None,2.0,None
732,None,None,green,forward,None,1.0,None
733,left,None,green,forward,None,0.5,None
734,forward,None,red,right,None,-1.0,None
735,None,None,red,right,None,1.0,None
736,left,None,red,right,None,-1.0,None
737,None,None,green,right,None,1.0,None
738,right,None,green,right,None,2.0,None
739,left,None,red,right,None,-1.0,None
740,left,None,red,right,None,-1.0,None
741,left,None,green,right,None,0.5,None
742,left,None,green,right,None,0.5,None
743,right,None,red,left,None,0.5,None
744,forward,None,green,right,None,0.5,None
745,left,None,green,right,None,0.5,None
746,forward,None,green,left,None,0.5,None
747,None,None,green,left,None,1.0,None
748,forward,None,green,left,None,0.5,None
749,left,None,red,left,None,-1.0,None
750,left,None,red,left,None,-1.0,None
751,None,None,green,left,None,1.0,None
752,right,None,green,left,None,0.5,None
753,right,None,red,right,None,2.0,None
754,None,None,green,right,None,1.0,None
755,None,None,green,right,None,1.0,None
756,forward,None,green,right,None,0.5,None
757,None,None,red,right,None,1.0,None
758,left,None,red,right,None,-1.0,None
759,None,None,red,right,None,1.0,None
760,forward,None,red,right,None,-1.0,None
761,left,None,green,right,None,0.5,None
762,right,None,red,right,None,2.0,None
763,None,None,red,right,None,1.0,None
764,forward,None,red,right,right,-1.0,None
765,right,None,red,right,None,2.0,None
766,left,None,red,forward,None,-1.0,None
767,left,None,red,forward,None,-1.0,None
768,None,None,red,forward,None,1.0,None
769,left,None,red,forward,None,-1.0,None
770,None,None,red,forward,None,1.0,None
771,forward,None,green,forward,None,2.0,None
772,right,None,green,forward,None,0.5,None
773,None,None,red,left,None,1.0,None
774,left,None,red,left,None,-1.0,None
775,right,None,red,left,None,0.5,None
776,None,None,green,right,None,1.0,None
777,forward,None,green,right,None,0.5,None
778,left,None,green,right,None,0.5,None
779,right,None,red,left,None,0.5,None
780,None,None,green,right,None,1.0,None
781,left,None,red,right,None,-1.0,None
782,forward,None,red,right,None,-1.0,None
783,right,None,red,right,None,2.0,None
784,None,None,red,right,None,1.0,None
785,left,None,green,right,None,0.5,None
786,right,None,green,right,None,2.0,None
787,None,None,green,forward,None,1.0,None
788,left,None,red,forward,None,-1.0,None
789,None,None,red,forward,None,1.0,None
790,None,None,red,forward,None,1.0,None
791,right,None,green,forward,None,0.5,None
792,right,None,green,forward,None,0.5,None
793,left,None,green,left,None,2.0,None
794,left,None,red,forward,None,-1.0,None
795,None,None,red,forward,None,1.0,None
796,forward,None,green,forward,None,2.0,None
797,left,None,green,forward,None,0.5,None
798,forward,None,green,right,None,0.5,None
799,forward,None,red,right,None,-1.0,None
800,forward,None,red,right,None,-1.0,None
801,left,None,green,right,None,0.5,None
802,None,None,red,right,None,1.0,None
803,forward,None,red,right,None,-1.0,None
804,forward,None,red,right,None,-1.0,None
805,left,None,red,right,None,-1.0,None
806,right,None,green,right,None,2.0,None
807,forward,None,red,right,None,-1.0,None
808,None,None,red,right,None,1.0,None
809,None,None,green,right,None,1.0,None
810,None,None,green,right,None,1.0,None
811,None,None,green,right,None,1.0,None
812,right,None,green,right,None,2.0,None
813,None,None,green,forward,None,1.0,None
814,forward,None,green,forward,None,2.0,None
815,None,None,green,forward,None,1.0,None
816,right,None,green,forward,None,0.5,None
817,right,None,green,left,None,0.5,None
818,None,None,red,right,None,1.0,None
819,left,None,red,right,None,-1.0,None
820,right,None,red,right,None,2.0,None
821,left,None,red,right,None,-1.0,None
822,forward,None,red,right,None,-1.0,None
823,forward,None,red,right,None,-1.0,None
824,left,None,red,right,None,-1.0,None
825,left,None,red,right,None,-1.0,None
826,None,None,green,right,None,1.0,None
827,None,None,green,right,None,1.0,None
828,forward,None,green,right,None,0.5,None
829,right,None,red,right,None,2.0,None
830,None,None,green,forward,None,1.0,None
831,left,None,red,forward,None,-1.0,None
832,right,None,red,forward,None,0.5,None
833,forward,None,red,left,None,-1.0,None
834,right,None,red,left,None,0.5,None
835,left,None,green,right,None,0.5,None
836,left,None,green,left,None,2.0,None
837,None,None,red,forward,None,1.0,None
838,forward,None,red,forward,None,-1.0,None
839,forward,None,red,forward,None,-1.0,None
840,left,None,red,forward,None,-1.0,None
841,right,None,green,forward,None,0.5,None
842,None,None,red,left,None,1.0,None
843,right,None,red,left,None,0.5,None
844,None,None,green,right,None,1.0,None
845,left,None,green,right,None,0.5,None
846,forward,None,red,left,None,-1.0,left
847,forward,None,red,left,None,-1.0,None
848,forward,None,red,left,None,-1.0,None
849,right,None,red,left,None,0.5,None
850,right,None,green,right,None,2.0,left
851,None,None,red,right,left,1.0,None
852,None,None,red,right,left,1.0,None
853,right,None,red,right,left,2.0,None
854,None,None,green,forward,None,1.0,None
855,None,None,green,forward,None,1.0,None
856,forward,None,red,forward,None,-1.0,None
857,None,None,red,forward,None,1.0,None
858,None,None,red,forward,None,1.0,None
859,left,None,red,forward,None,-1.0,None
860,right,None,red,forward,None,0.5,None
861,right,None,green,left,None,0.5,None
862,None,None,red,right,None,1.0,None
863,left,None,red,right,None,-1.0,None
864,forward,None,red,right,None,-1.0,None
865,left,None,red,right,None,-1.0,None
866,left,None,green,right,None,0.5,None
867,right,None,green,left,None,0.5,None
868,forward,None,green,right,None,0.5,None
869,right,left,green,right,None,2.0,None
870,forward,None,red,forward,None,-1.0,None
871,None,None,red,forward,None,1.0,None
872,forward,None,green,forward,None,2.0,None
873,left,None,red,forward,None,-1.0,None
874,left,None,red,forward,None,-1.0,None
875,forward,None,green,forward,None,2.0,None
876,forward,None,green,forward,None,2.0,None
877,right,None,red,right,None,2.0,None
878,left,None,green,right,None,0.5,None
879,forward,None,red,right,None,-1.0,None
880,None,None,red,right,None,1.0,None
881,forward,None,green,right,None,0.5,None
882,right,None,red,right,None,2.0,None
883,left,None,red,right,None,-1.0,None
884,left,None,red,right,None,-1.0,None
885,left,None,red,right,None,-1.0,None
886,left,None,red,right,None,-1.0,None
887,left,None,green,right,None,0.5,None
888,forward,None,green,forward,None,2.0,None
889,forward,None,red,forward,None,-1.0,None
890,left,None,red,forward,None,-1.0,None
891,forward,None,red,forward,None,-1.0,None
892,None,None,green,forward,None,1.0,None
893,right,None,green,forward,None,0.5,None
894,left,None,red,left,None,-1.0,None
895,right,None,red,left,None,0.5,None
896,left,None,red,right,None,-1.0,None
897,left,None,green,right,None,0.5,None
898,right,None,green,left,None,0.5,None
899,None,None,green,forward,None,1.0,None
900,None,None,green,forward,None,1.0,None
901,None,None,red,forward,None,1.0,None
902,forward,None,red,forward,forward,-1.0,None
903,None,None,red,forward,forward,1.0,None
904,None,None,green,forward,None,1.0,None
905,None,None,green,forward,None,1.0,None
906,left,None,green,forward,None,0.5,None
907,forward,None,green,right,None,0.5,None
908,None,None,red,right,None,1.0,None
909,forward,None,red,right,None,-1.0,None
910,forward,None,green,right,None,0.5,None
911,forward,None,red,right,None,-1.0,None
912,forward,None,green,right,None,0.5,None
913,right,None,red,right,None,2.0,None
914,right,None,red,forward,None,0.5,None
915,right,None,red,left,None,0.5,None
916,None,None,red,right,None,1.0,None
917,right,None,green,right,None,2.0,None
918,forward,None,green,right,None,0.5,None
919,right,None,red,right,None,2.0,None
920,right,None,green,forward,None,0.5,None
921,right,None,red,left,None,0.5,None
922,None,None,green,right,None,1.0,None
923,None,None,green,right,None,1.0,None
924,forward,None,green,right,None,0.5,None
925,left,None,red,forward,None,-1.0,None
926,left,None,red,forward,None,-1.0,None
927,right,None,red,forward,None,0.5,None
928,right,None,red,left,None,0.5,None
929,left,None,red,forward,None,-1.0,None
930,left,None,red,forward,None,-1.0,None
931,left,None,red,forward,None,-1.0,None
932,None,None,red,forward,None,1.0,None
933,None,None,green,forward,None,1.0,None
934,left,None,green,forward,None,0.5,None
935,left,None,red,right,None,-1.0,None
936,right,None,red,right,None,2.0,None
937,left,None,green,forward,None,0.5,None
938,forward,None,green,right,None,0.5,None
939,left,None,red,right,None,-1.0,None
940,None,None,red,right,None,1.0,None
941,forward,None,red,right,None,-1.0,None
942,forward,None,green,right,None,0.5,None
943,forward,None,green,right,None,0.5,None
944,left,None,green,right,None,0.5,None
945,right,None,green,right,None,2.0,None
946,forward,None,green,right,None,0.5,None
947,right,None,red,right,None,2.0,None
948,left,None,green,forward,None,0.5,None
949,forward,None,green,right,left,0.5,None
950,forward,None,red,right,None,-1.0,None
951,left,None,red,right,None,-1.0,None
952,forward,None,green,right,None,0.5,None
953,right,None,red,right,None,2.0,None
954,None,None,green,forward,None,1.0,None
955,None,None,green,forward,None,1.0,None
956,right,None,green,forward,None,0.5,None
957,None,None,green,left,None,1.0,None
958,left,None,green,left,None,2.0,None
959,None,None,red,forward,None,1.0,None
960,right,None,red,forward,None,0.5,None
961,right,None,green,left,None,0.5,None
962,forward,None,green,right,None,0.5,None
963,right,None,green,right,None,2.0,None
964,right,None,green,right,None,2.0,None
965,None,None,red,forward,None,1.0,None
966,right,None,red,forward,None,0.5,None
967,left,None,green,left,None,2.0,None
968,None,None,red,forward,None,1.0,None
969,left,None,red,forward,None,-1.0,None
970,left,None,red,forward,None,-1.0,None
971,None,None,red,forward,None,1.0,None
972,right,None,green,forward,None,0.5,None
973,None,None,red,left,None,1.0,None
974,None,None,red,left,None,1.0,None
975,forward,None,red,left,None,-1.0,None
976,left,None,red,left,None,-1.0,None
977,forward,None,green,left,None,0.5,forward
978,right,None,green,left,None,0.5,None
979,right,None,green,right,None,2.0,None
980,left,None,red,right,None,-1.0,None
981,right,None,red,right,None,2.0,None
982,left,None,green,forward,None,0.5,None
983,None,None,red,right,None,1.0,None
984,left,None,red,right,None,-1.0,None
985,forward,None,red,right,None,-1.0,None
986,right,None,red,right,None,2.0,None
987,left,None,red,forward,None,-1.0,None
988,None,None,red,forward,None,1.0,None
989,None,None,red,forward,None,1.0,None
990,None,None,red,forward,None,1.0,None
991,left,None,red,forward,None,-1.0,None
992,right,None,green,forward,None,0.5,None
993,right,None,red,left,None,0.5,None
994,right,None,green,right,None,2.0,None
995,right,None,red,right,None,2.0,None
996,right,None,green,forward,None,0.5,None
997,left,None,green,left,None,2.0,None
998,left,None,red,left,None,-1.0,None
999,forward,None,red,left,None,-1.0,None
1000,right,None,green,left,None,0.5,None
1001,right,None,red,right,None,2.0,None
1002,left,None,red,right,None,-1.0,None
1003,None,None,green,right,None,1.0,None
1004,right,None,green,right,None,2.0,None
1005,forward,None,red,right,None,-1.0,None
1006,right,None,red,right,None,2.0,None
1007,left,None,green,left,None,2.0,None
1008,None,None,green,forward,None,1.0,None
1009,right,None,green,forward,None,0.5,None
1010,right,None,red,right,None,2.0,None
1011,left,None,red,right,None,-1.0,None
1012,forward,None,red,right,None,-1.0,None
1013,forward,None,green,right,None,0.5,None
1014,forward,None,red,right,None,-1.0,None
1015,forward,None,red,right,None,-1.0,None
1016,None,None,red,right,None,1.0,None
1017,left,None,green,right,None,0.5,None
1018,left,None,green,right,None,0.5,None
1019,right,None,green,left,None,0.5,None
1020,left,None,green,forward,None,0.5,None
1021,left,None,green,right,None,0.5,None
1022,forward,None,red,forward,None,-1.0,None
1023,right,None,red,forward,None,0.5,None
1024,None,None,red,left,None,1.0,None
1025,forward,None,red,left,None,-1.0,None
1026,forward,None,red,left,None,-1.0,None
1027,right,None,green,left,None,0.5,None
1028,right,None,green,forward,None,0.5,None
1029,forward,None,green,left,None,0.5,None
1030,left,None,red,left,None,-1.0,None
1031,None,None,red,left,None,1.0,None
1032,forward,None,red,left,None,-1.0,None
1033,forward,None,green,left,None,0.5,None
1034,None,None,green,left,None,1.0,None
1035,forward,None,green,left,None,0.5,None
1036,forward,None,red,left,None,-1.0,None
1037,right,None,green,left,None,0.5,None
1038,forward,None,green,forward,None,2.0,None
1039,forward,None,red,forward,forward,-1.0,None
1040,None,None,red,forward,forward,1.0,None
1041,None,None,red,forward,forward,1.0,None
1042,right,None,green,forward,None,0.5,None
1043,forward,None,red,left,None,-1.0,None
1044,None,forward,red,left,None,1.0,None
1045,forward,None,red,left,None,-1.0,None
1046,right,None,red,left,None,0.5,None
1047,left,None,green,right,None,0.5,None
1048,right,None,green,left,None,0.5,None
1049,forward,None,green,forward,None,2.0,forward
1050,right,None,green,forward,None,0.5,None
1051,left,None,red,left,None,-1.0,None
1052,forward,None,red,left,None,-1.0,None
1053,forward,None,red,left,None,-1.0,None
1054,right,None,green,left,None,0.5,None
1055,forward,None,green,right,None,0.5,None
1056,None,None,red,forward,None,1.0,None
1057,forward,None,green,forward,None,2.0,None
1058,right,None,red,forward,None,0.5,None
1059,forward,None,red,left,None,-1.0,None
1060,forward,None,red,left,None,-1.0,None
1061,None,None,green,left,None,1.0,None
1062,forward,None,green,left,None,0.5,None
1063,right,None,red,left,None,0.5,None
1064,forward,None,red,right,None,-1.0,None
1065,left,None,red,right,None,-1.0,None
1066,None,None,green,right,None,1.0,None
1067,forward,None,green,right,None,0.5,None
1068,right,None,red,forward,None,0.5,None
1069,left,None,green,left,None,2.0,None
1070,forward,None,green,forward,None,2.0,None
1071,forward,None,green,forward,None,2.0,None
1072,right,None,green,forward,None,0.5,None
1073,None,None,red,left,None,1.0,None
1074,left,None,red,left,None,-1.0,None
1075,None,None,red,left,None,1.0,None
1076,left,None,red,left,None,-1.0,None
1077,left,None,green,left,None,2.0,None
1078,None,None,red,forward,None,1.0,None
1079,left,None,red,forward,None,-1.0,None
1080,right,None,red,forward,None,0.5,None
1081,left,None,red,left,None,-1.0,None
1082,right,None,red,left,None,0.5,None
1083,forward,None,red,right,None,-1.0,None
1084,None,None,red,right,None,1.0,None
1085,right,None,red,right,None,2.0,None
1086,left,None,red,right,None,-1.0,None
1087,forward,None,green,right,None,0.5,None
1088,left,None,green,right,None,0.5,None
1089,left,None,green,right,None,0.5,None
1090,right,None,red,left,None,0.5,None
1091,None,None,red,right,None,1.0,None
1092,forward,None,red,right,None,-1.0,None
1093,left,None,green,right,None,0.5,None
1094,right,None,green,left,None,0.5,None
1095,None,None,green,right,None,1.0,None
1096,left,None,green,right,None,0.5,None
1097,right,None,red,left,None,0.5,None
1098,left,None,green,forward,None,0.5,None
1099,forward,None,green,right,None,0.5,None
1100,None,None,green,right,None,1.0,None
1101,None,None,green,right,None,1.0,None
1102,right,None,red,right,None,2.0,None
1103,left,None,green,forward,None,0.5,None
1104,forward,None,green,right,None,0.5,None
1105,None,None,red,right,None,1.0,None
1106,None,None,red,right,None,1.0,None
1107,forward,None,green,right,None,0.5,None
1108,right,forward,green,right,None,2.0,None
1109,None,None,red,left,None,1.0,None
1110,forward,None,red,left,None,-1.0,None
1111,forward,None,red,left,None,-1.0,None
1112,None,None,green,left,None,1.0,None
1113,forward,None,green,left,None,0.5,None
1114,right,None,red,right,None,2.0,None
1115,None,None,green,right,None,1.0,None
1116,None,None,green,right,None,1.0,None
1117,right,None,red,right,None,2.0,None
1118,right,None,red,left,None,0.5,None
1119,right,None,green,forward,None,0.5,None
1120,forward,None,red,right,None,-1.0,None
1121,None,None,red,right,None,1.0,None
1122,forward,None,red,right,None,-1.0,None
1123,left,None,green,right,None,0.5,None
1124,forward,None,green,left,None,0.5,None
1125,None,None,red,left,None,1.0,None
1126,right,None,green,left,None,0.5,None
1127,right,None,red,right,None,2.0,None
1128,forward,None,green,right,None,0.5,None
1129,None,None,red,right,None,1.0,None
1130,right,None,red,right,None,2.0,None
1131,left,None,green,forward,None,0.5,left
1132,right,None,green,right,None,2.0,None
1133,forward,None,green,left,None,0.5,None
1134,None,None,green,right,None,1.0,None
1135,None,None,green,right,None,1.0,None
1136,left,None,green,right,None,0.5,None
1137,left,None,red,left,None,-1.0,None
1138,right,None,red,left,None,0.5,None
1139,forward,None,red,right,None,-1.0,None
1140,forward,None,red,right,None,-1.0,None
1141,left,None,green,right,None,0.5,None
1142,right,None,green,left,forward,0.5,None
1143,right,None,green,forward,None,0.5,None
1144,left,None,red,left,None,-1.0,None
1145,left,None,red,left,None,-1.0,None
1146,forward,None,red,left,None,-1.0,None
1147,right,None,green,left,None,0.5,None
1148,right,None,green,forward,None,0.5,None
1149,None,None,green,left,None,1.0,None
1150,forward,None,red,left,left,-1.0,None
1151,forward,None,red,left,left,-1.0,None
1152,None,None,red,left,left,1.0,None
1153,forward,right,green,left,None,0.5,None
1154,left,None,red,left,None,-1.0,None
1155,right,None,red,left,None,0.5,None
1156,None,None,red,forward,None,1.0,None
1157,forward,None,red,forward,None,-1.0,None
1158,forward,None,red,forward,None,-1.0,None
1159,left,None,green,forward,None,0.5,None
1160,None,None,red,right,None,1.0,None
1161,forward,None,red,right,None,-1.0,None
1162,left,None,green,right,None,0.5,None
1163,right,None,green,forward,None,0.5,None
1164,left,None,red,left,None,-1.0,None
1165,None,None,green,left,None,1.0,None
1166,left,None,green,left,None,2.0,None
1167,right,None,red,forward,None,0.5,None
1168,None,None,green,left,None,1.0,None
1169,None,None,green,left,None,1.0,None
1170,forward,None,green,left,None,0.5,None
1171,None,None,red,left,None,1.0,None
1172,right,None,red,left,None,0.5,None
1173,right,None,green,right,None,2.0,None
1174,forward,None,green,right,None,0.5,None
1175,None,None,red,right,None,1.0,None
1176,left,None,red,right,None,-1.0,None
1177,None,None,green,right,None,1.0,None
1178,right,None,green,right,None,2.0,None
1179,forward,None,red,forward,None,-1.0,None
1180,left,None,red,forward,None,-1.0,None
1181,right,left,red,forward,None,0.5,None
1182,left,None,red,left,None,-1.0,None
1183,right,None,red,left,None,0.5,None
1184,None,None,red,right,None,1.0,None
1185,left,None,red,right,None,-1.0,None
1186,left,None,red,right,None,-1.0,None
1187,None,None,green,right,None,1.0,None
1188,left,None,green,right,None,0.5,None
1189,forward,None,red,left,None,-1.0,None
1190,left,None,red,left,None,-1.0,None
1191,forward,None,red,left,None,-1.0,None
1192,left,None,green,left,None,2.0,None
1193,right,None,green,forward,None,0.5,None
1194,None,None,green,left,None,1.0,None
1195,forward,None,green,left,None,0.5,None
1196,left,None,green,left,None,2.0,None
1197,forward,None,red,right,None,-1.0,None
1198,left,None,red,right,None,-1.0,None
1199,right,None,red,right,None,2.0,None
1200,forward,None,green,right,None,0.5,None
1201,forward,None,green,right,None,0.5,None
1202,right,None,green,right,None,2.0,None
1203,None,None,red,forward,None,1.0,None
1204,forward,None,red,forward,None,-1.0,None
1205,right,None,green,forward,None,0.5,None
1206,right,None,red,left,None,0.5,None
1207,right,None,green,right,None,2.0,None
1208,right,None,green,right,None,2.0,None
1209,None,None,green,forward,None,1.0,None
1210,None,forward,red,forward,None,1.0,None
1211,None,None,red,forward,None,1.0,None
1212,None,None,red,forward,None,1.0,None
1213,right,None,red,forward,None,0.5,None
1214,forward,None,green,left,None,0.5,None
1215,forward,None,red,left,None,-1.0,None
1216,None,None,red,left,None,1.0,None
1217,right,None,red,left,None,0.5,None
1218,forward,None,green,right,None,0.5,None
1219,forward,None,green,right,None,0.5,None
1220,forward,None,red,right,None,-1.0,None
1221,left,None,red,right,None,-1.0,None
1222,right,None,red,right,None,2.0,None
1223,right,None,red,right,None,2.0,None
1224,forward,None,green,forward,None,2.0,None
1225,forward,None,green,forward,None,2.0,None
1226,left,None,green,forward,None,0.5,None
1227,left,None,red,right,None,-1.0,None
1228,left,None,red,right,None,-1.0,None
1229,forward,None,red,right,None,-1.0,None
1230,forward,right,green,right,None,0.5,None
1231,right,None,red,right,None,2.0,None
1232,right,None,green,forward,None,0.5,None
1233,left,None,green,left,right,2.0,None
1234,right,None,green,forward,None,0.5,None
1235,None,None,green,left,None,1.0,None
1236,left,None,green,left,None,2.0,None
1237,forward,None,red,right,None,-1.0,None
1238,right,None,red,right,None,2.0,None
1239,None,None,green,forward,None,1.0,None
1240,right,None,green,forward,None,0.5,None
1241,None,None,red,left,None,1.0,None
1242,left,None,green,left,None,2.0,None
1243,right,None,red,forward,None,0.5,None
1244,None,None,green,left,None,1.0,None
1245,right,None,green,left,None,0.5,None
1246,left,None,green,right,None,0.5,None
1247,right,None,green,left,None,0.5,None
1248,forward,None,green,right,None,0.5,None
1249,left,None,green,right,None,0.5,None
1250,right,None,red,left,None,0.5,None
1251,None,None,green,right,None,1.0,None
1252,forward,None,red,right,None,-1.0,None
1253,left,None,red,right,None,-1.0,None
1254,right,None,red,right,None,2.0,None
1255,left,None,green,right,None,0.5,None
1256,left,None,green,right,None,0.5,None
1257,forward,None,green,left,None,0.5,None
1258,None,None,red,left,None,1.0,None
1259,forward,None,red,left,None,-1.0,None
1260,left,None,red,left,None,-1.0,None
1261,None,None,green,left,None,1.0,None
1262,forward,None,green,left,None,0.5,None
1263,left,None,red,left,None,-1.0,None
1264,left,None,green,left,None,2.0,None
1265,None,None,green,forward,None,1.0,None
1266,None,None,green,forward,None,1.0,None
1267,forward,None,green,forward,None,2.0,None
1268,None,None,green,forward,None,1.0,None
1269,right,None,green,forward,None,0.5,None
1270,left,None,red,left,None,-1.0,None
1271,right,None,red,left,None,0.5,None
1272,right,None,green,right,None,2.0,None
1273,left,None,red,right,None,-1.0,None
1274,forward,None,red,right,None,-1.0,None
1275,right,None,red,right,None,2.0,None
1276,right,None,red,forward,left,0.5,None
1277,forward,None,red,left,None,-1.0,None
1278,forward,None,red,left,None,-1.0,None
1279,right,None,red,left,None,0.5,None
1280,left,None,red,right,None,-1.0,None
1281,right,None,red,right,None,2.0,None
1282,forward,None,red,right,None,-1.0,None
1283,right,None,red,right,None,2.0,None
1284,right,None,red,forward,None,0.5,None
1285,right,None,green,left,None,0.5,None
1286,right,None,green,right,None,2.0,None
1287,left,forward,green,right,None,0.5,None
1288,None,None,red,right,None,1.0,None
1289,left,None,red,right,None,-1.0,None
1290,right,None,red,right,None,2.0,None
1291,None,None,green,right,None,1.0,None
1292,None,None,green,right,None,1.0,None
1293,None,None,green,right,None,1.0,None
1294,forward,None,red,right,None,-1.0,None
1295,left,None,red,right,None,-1.0,None
1296,forward,None,red,right,None,-1.0,None
1297,left,None,green,right,None,0.5,None
1298,None,None,green,forward,None,1.0,None
1299,None,None,green,forward,None,1.0,None
1300,None,None,red,forward,None,1.0,None
1301,right,None,red,forward,None,0.5,None
1302,forward,None,green,left,None,0.5,None
1303,forward,None,green,left,None,0.5,None
1304,right,None,red,left,None,0.5,None
1305,forward,None,red,forward,None,-1.0,None
1306,right,None,red,forward,None,0.5,None
1307,left,None,green,left,None,2.0,None
1308,right,None,green,forward,None,0.5,None
1309,right,None,red,left,None,0.5,None
1310,None,None,red,right,None,1.0,None
1311,forward,None,red,right,None,-1.0,None
1312,None,None,green,right,None,1.0,None
1313,None,None,green,right,None,1.0,None
1314,right,None,green,right,None,2.0,None
1315,right,None,red,right,None,2.0,None
1316,forward,None,red,forward,None,-1.0,None
1317,None,None,green,forward,None,1.0,None
1318,None,None,green,forward,None,1.0,None
1319,None,None,green,forward,None,1.0,None
1320,None,None,green,forward,None,1.0,None
1321,forward,None,green,forward,None,2.0,None
1322,right,None,red,forward,None,0.5,None
1323,forward,None,red,left,None,-1.0,None
1324,forward,None,green,left,None,0.5,None
1325,left,None,green,left,None,2.0,None
1326,left,None,red,forward,None,-1.0,None
1327,None,None,green,forward,None,1.0,None
1328,forward,None,green,forward,None,2.0,None
1329,left,None,green,forward,None,0.5,None
1330,left,None,red,right,None,-1.0,None
1331,right,None,red,right,None,2.0,None
1332,forward,None,red,forward,None,-1.0,None
1333,None,None,green,forward,None,1.0,None
1334,right,None,green,forward,None,0.5,None
1335,forward,None,red,left,None,-1.0,None
1336,None,None,red,left,None,1.0,None
1337,None,None,green,left,None,1.0,None
1338,forward,None,green,left,None,0.5,None
1339,left,None,red,left,None,-1.0,None
1340,right,None,red,left,None,0.5,None
1341,forward,None,green,right,None,0.5,None
1342,forward,None,red,right,None,-1.0,None
1343,right,None,red,right,None,2.0,None
1344,forward,None,green,right,None,0.5,None
1345,None,None,green,right,right,1.0,None
1346,None,None,green,right,None,1.0,None
1347,forward,None,green,right,None,0.5,None
1348,right,None,red,right,None,2.0,None
1349,forward,None,red,forward,None,-1.0,None
1350,forward,None,red,forward,None,-1.0,None
1351,left,None,red,forward,None,-1.0,None
1352,None,None,green,forward,None,1.0,None
1353,left,None,green,forward,None,0.5,None
1354,right,None,red,right,None,2.0,None
1355,left,None,red,forward,None,-1.0,None
1356,right,None,red,forward,None,0.5,None
1357,None,None,green,left,None,1.0,None
1358,forward,None,green,left,None,0.5,None
1359,forward,None,red,left,None,-1.0,None
1360,left,None,red,left,None,-1.0,None
1361,left,None,green,left,None,2.0,None
1362,forward,None,green,right,None,0.5,None
1363,left,None,green,right,None,0.5,None
1364,forward,None,green,left,None,0.5,None
1365,right,None,red,left,None,0.5,None
1366,forward,None,green,forward,None,2.0,left
1367,forward,None,green,forward,None,2.0,None
1368,forward,None,green,forward,None,2.0,None
1369,left,None,green,forward,None,0.5,None
1370,forward,None,green,right,None,0.5,None
1371,left,None,red,right,None,-1.0,None
1372,left,None,green,right,None,0.5,None
1373,None,None,red,right,None,1.0,None
1374,right,None,red,right,None,2.0,None
1375,right,None,red,right,None,2.0,None
1376,left,None,red,forward,None,-1.0,None
1377,None,None,green,forward,None,1.0,None
1378,None,None,green,forward,None,1.0,None
1379,None,None,green,forward,None,1.0,None
1380,None,None,green,forward,None,1.0,None
1381,left,None,green,forward,None,0.5,None
1382,None,None,green,right,None,1.0,None
1383,left,None,green,right,None,0.5,None
1384,left,None,red,right,None,-1.0,None
1385,left,None,red,right,None,-1.0,None
1386,None,None,red,right,None,1.0,None
1387,forward,None,green,right,None,0.5,None
1388,right,None,green,right,None,2.0,None
1389,left,None,red,right,None,-1.0,None
1390,right,None,red,right,None,2.0,None
1391,right,None,green,forward,None,0.5,None
1392,None,None,green,left,None,1.0,None
1393,forward,None,red,left,None,-1.0,None
1394,left,None,red,left,None,-1.0,None
1395,forward,None,red,left,None,-1.0,None
1396,None,None,green,left,None,1.0,left
1397,right,None,green,left,None,0.5,left
1398,None,None,green,right,None,1.0,None
1399,None,None,green,right,None,1.0,None
1400,forward,None,green,right,None,0.5,None
1401,forward,None,red,right,None,-1.0,None
1402,left,None,green,right,None,0.5,None
1403,right,None,red,left,None,0.5,None
1404,left,None,red,forward,None,-1.0,None
1405,left,None,green,forward,None,0.5,None
1406,left,None,green,right,None,0.5,None
1407,None,None,green,forward,None,1.0,None
1408,right,None,red,forward,None,0.5,None
1409,left,None,red,left,None,-1.0,None
1410,forward,None,red,left,None,-1.0,None
1411,right,None,red,left,None,0.5,None
1412,None,None,red,forward,None,1.0,None
1413,right,None,red,forward,None,0.5,None
1414,right,None,green,left,None,0.5,None
1415,forward,None,red,forward,None,-1.0,None
1416,None,None,red,forward,None,1.0,None
1417,right,None,green,forward,None,0.5,None
1418,right,None,red,left,None,0.5,None
1419,left,None,red,forward,None,-1.0,None
1420,left,None,green,forward,None,0.5,None
1421,None,None,green,right,None,1.0,None
1422,forward,None,red,right,None,-1.0,None
1423,None,None,red,right,None,1.0,None
1424,left,None,red,right,None,-1.0,None
1425,forward,None,red,right,None,-1.0,None
1426,None,None,red,right,None,1.0,None
1427,right,None,green,right,None,2.0,None
1428,forward,None,red,left,None,-1.0,None
1429,forward,None,green,left,None,0.5,None
1430,right,None,green,right,None,2.0,None
1431,left,None,red,right,forward,-1.0,None
1432,left,None,red,right,forward,-1.0,None
1433,forward,None,green,right,None,0.5,None
1434,right,None,green,right,None,2.0,None
1435,None,None,red,right,None,1.0,None
1436,right,None,red,right,None,2.0,None
1437,right,None,green,forward,forward,0.5,None
1438,left,None,green,right,None,0.5,None
1439,left,None,red,left,None,-1.0,None
1440,forward,None,red,left,None,-1.0,None
1441,right,None,red,left,None,0.5,None
1442,forward,None,red,right,None,-1.0,None
1443,forward,None,red,right,None,-1.0,None
1444,left,None,green,right,None,0.5,None
1445,right,None,red,left,None,0.5,None
1446,forward,None,green,right,None,0.5,None
1447,left,None,green,right,None,0.5,None
1448,left,None,red,left,None,-1.0,None
1449,left,None,red,left,None,-1.0,None
1450,None,right,green,left,None,1.0,None
1451,forward,None,green,left,None,0.5,None
1452,right,None,green,left,None,0.5,None
1453,None,None,green,right,None,1.0,None
1454,forward,None,green,right,None,0.5,None
1455,forward,None,red,right,None,-1.0,None
1456,None,None,green,right,None,1.0,None
1457,None,None,green,right,None,1.0,None
1458,right,None,green,right,None,2.0,None
1459,left,None,green,right,None,0.5,None
1460,left,None,green,forward,None,0.5,None
1461,right,None,red,right,None,2.0,None
1462,None,None,green,left,None,1.0,None
1463,None,None,green,left,None,1.0,None
1464,None,None,green,left,None,1.0,None
1465,left,None,green,left,None,2.0,None
1466,forward,None,green,forward,None,2.0,None
1467,None,None,green,forward,None,1.0,None
1468,forward,None,green,forward,None,2.0,None
1469,None,None,red,forward,None,1.0,None
1470,None,None,red,forward,None,1.0,None
1471,right,None,red,forward,None,0.5,None
1472,None,None,red,right,None,1.0,None
1473,right,None,red,right,None,2.0,None
1474,None,None,green,right,None,1.0,None
1475,forward,None,green,right,None,0.5,None
1476,left,None,green,right,None,0.5,None
1477,forward,None,green,right,None,0.5,None
1478,None,None,green,right,None,1.0,None
1479,left,None,green,right,None,0.5,None
1480,right,None,red,left,None,0.5,None
1481,left,None,green,right,None,0.5,None
1482,left,None,red,left,None,-1.0,None
1483,right,None,green,left,None,0.5,None
1484,right,None,red,right,None,2.0,None
1485,left,None,red,right,None,-1.0,None
1486,right,None,red,right,None,2.0,None
1487,left,None,green,forward,None,0.5,None
1488,right,None,red,right,None,2.0,None
1489,left,None,green,forward,None,0.5,None
1490,left,None,red,right,None,-1.0,None
1491,right,None,red,right,None,2.0,None
1492,right,None,red,forward,None,0.5,None
1493,right,None,green,left,None,0.5,None
1494,right,None,red,right,None,2.0,None
1495,right,None,green,right,None,2.0,None
1496,right,None,red,forward,None,0.5,None
1497,None,right,red,left,None,1.0,None
1498,forward,None,red,left,None,-1.0,None
1499,None,None,red,left,None,1.0,None
1500,left,None,red,left,None,-1.0,None
1501,None,None,red,left,None,1.0,None
1502,left,None,green,left,None,2.0,None
1503,left,None,red,forward,None,-1.0,None
1504,forward,None,red,forward,None,-1.0,None
1505,None,None,red,forward,None,1.0,None
1506,forward,None,red,forward,None,-1.0,None
1507,None,None,green,forward,None,1.0,None
1508,left,None,green,forward,None,0.5,None
1509,None,None,green,right,None,1.0,None
1510,right,None,green,right,None,2.0,None
1511,left,None,red,right,None,-1.0,None
1512,right,None,green,right,None,2.0,None
1513,right,None,green,forward,None,0.5,None
1514,right,None,red,right,None,2.0,None
1515,right,None,red,right,None,2.0,None
1516,None,None,green,right,None,1.0,None
1517,forward,None,red,right,None,-1.0,None
1518,None,None,red,right,None,1.0,None
1519,forward,None,red,right,forward,-1.0,None
1520,left,None,red,right,forward,-1.0,None
1521,forward,None,red,right,forward,-1.0,None
1522,right,None,green,right,None,2.0,None
1523,left,None,green,forward,None,0.5,None
1524,right,None,red,right,None,2.0,None
1525,left,None,green,right,None,0.5,None
1526,right,None,red,forward,None,0.5,None
1527,forward,None,red,left,None,-1.0,None
1528,right,None,red,left,None,0.5,None
1529,right,None,red,forward,None,0.5,None
1530,None,None,red,left,None,1.0,None
1531,None,None,green,left,None,1.0,None
1532,forward,None,green,left,None,0.5,None
1533,forward,None,green,left,None,0.5,None
1534,forward,None,green,left,None,0.5,None
1535,left,None,green,left,None,2.0,None
1536,None,None,green,left,None,1.0,None
1537,None,None,red,left,None,1.0,None
1538,forward,None,red,left,None,-1.0,None
1539,None,None,red,left,None,1.0,None
1540,None,None,green,left,None,1.0,None
1541,None,None,green,left,None,1.0,None
1542,right,None,green,left,None,0.5,None
1543,None,None,red,forward,None,1.0,None
1544,forward,None,red,forward,None,-1.0,None
1545,forward,None,red,forward,None,-1.0,None
1546,left,None,green,forward,None,0.5,None
1547,right,None,green,right,None,2.0,None
1548,None,None,green,forward,None,1.0,None
1549,right,None,green,forward,None,0.5,None
1550,forward,None,green,left,None,0.5,None
1551,left,None,red,left,None,-1.0,None
1552,left,None,green,left,None,2.0,None
1553,right,None,green,forward,None,0.5,None
1554,None,None,red,left,None,1.0,None
1555,right,None,red,left,None,0.5,None
1556,left,None,green,right,None,0.5,None
1557,left,None,green,left,None,2.0,None
1558,forward,None,green,forward,None,2.0,None
1559,left,None,red,left,None,-1.0,None
1560,forward,None,red,left,None,-1.0,None
1561,left,None,green,left,None,12.0,None
